Type;A[Real|0.014|5.322];V[Real|0|2];B[Real|0|2];S[Real|4|371.428571428571];U[Real|0.874890638670166|877.19298245614];Ph[Real|0|877.19298245614];Pe[Real|0|43697.0338983051];L[Real|108|4551.72413793103]
Feasible;3.00;1.00;1.00;30.00;300.00;26.67;2000.00;971.67
Feasible;2.00;0.00;1.00;20.00;300.00;0.00;1500.00;1077.50
Feasible;1.00;2.00;1.00;100.00;700.00;150.00;5000.00;1075.00
Feasible;2.00;2.00;1.00;30.00;300.00;50.00;2500.00;1045.50
Feasible;3.57;2.00;0.00;29.40;111.98;111.98;2855.54;1088.75
Feasible;3.57;2.00;0.00;29.40;111.98;111.98;2855.54;985.16
Feasible;1.42;0.00;1.00;35.21;84.51;0.00;0.00;570.42
Feasible;1.42;2.00;1.00;14.08;70.42;0.00;0.00;602.11
Feasible;0.43;2.00;1.00;35.05;350.47;116.82;2102.80;1074.77
Feasible;0.21;1.00;0.00;32.71;233.64;0.00;0.00;509.35
Feasible;0.43;2.00;0.00;35.05;233.64;116.82;4672.90;537.38
Feasible;0.43;2.00;0.00;35.05;233.64;116.82;4672.90;420.56
Feasible;0.10;2.00;0.00;50.00;200.00;0.00;0.00;1180.00
Feasible;0.29;2.00;0.00;34.97;262.24;0.00;0.00;569.93
Feasible;0.07;2.00;0.00;142.86;214.29;0.00;0.00;1142.86
Feasible;0.31;1.00;0.00;22.80;195.44;32.57;1140.07;905.54
Feasible;0.09;2.00;0.00;58.14;581.40;290.70;23255.81;883.72
Feasible;0.09;2.00;0.00;58.14;465.12;116.28;5813.95;627.91
Feasible;0.29;2.00;0.00;34.97;174.83;0.00;0.00;926.57
Feasible;0.29;1.00;0.00;34.97;174.83;0.00;0.00;919.58
Feasible;0.28;2.00;0.00;35.21;352.11;0.00;0.00;457.75
Feasible;0.36;2.00;0.00;28.01;280.11;0.00;1260.50;980.39
Feasible;0.36;2.00;0.00;28.01;280.11;140.06;4201.68;498.60
Feasible;0.36;2.00;0.00;28.01;280.11;252.10;0.00;257.70
Feasible;0.29;2.00;0.00;17.48;87.41;0.00;0.00;720.28
Feasible;0.17;2.00;0.00;29.41;147.06;0.00;0.00;1135.29
Feasible;0.56;2.00;0.00;44.64;267.86;0.00;0.00;982.14
Feasible;0.29;1.00;0.00;17.48;174.83;0.00;0.00;454.55
Feasible;0.36;2.00;0.00;56.02;420.17;280.11;13445.38;493.00
Feasible;0.36;2.00;0.00;33.61;420.17;280.11;11624.65;336.13
Feasible;0.18;0.00;0.00;27.78;555.56;0.00;0.00;866.67
Feasible;0.36;2.00;0.00;27.78;208.33;0.00;0.00;727.78
Feasible;0.36;2.00;0.00;56.34;112.68;0.00;0.00;1273.24
Feasible;0.14;2.00;0.00;71.43;285.71;0.00;0.00;1185.71
Feasible;0.05;2.00;0.00;76.92;576.92;0.00;23076.92;1884.62
Feasible;0.05;2.00;0.00;76.92;576.92;0.00;23076.92;884.62
Feasible;0.27;2.00;0.00;37.04;277.78;92.59;1111.11;1422.22
Feasible;0.27;2.00;0.00;37.04;222.22;37.04;1111.11;940.74
Feasible;0.28;2.00;0.00;71.43;357.14;71.43;2321.43;1367.86
Feasible;0.29;2.00;0.00;34.97;209.79;34.97;6713.29;1328.67
Feasible;0.18;2.00;0.00;55.87;698.32;279.33;8938.55;1631.28
Feasible;0.13;2.00;0.00;54.26;775.19;193.80;6976.74;1573.64
Feasible;0.71;0.00;0.00;28.01;70.03;0.00;0.00;570.03
Feasible;0.71;0.00;0.00;42.02;112.04;0.00;0.00;812.32
Feasible;0.36;2.00;0.00;42.25;211.27;0.00;0.00;673.24
Feasible;0.57;2.00;0.00;26.27;175.13;0.00;0.00;378.28
Feasible;0.09;2.00;0.00;81.40;290.70;116.28;0.00;1255.81
Feasible;0.08;2.00;0.00;121.95;60.98;12.20;0.00;926.83
Feasible;0.18;2.00;0.00;38.89;222.22;0.00;0.00;755.56
Feasible;0.89;2.00;0.00;39.41;78.83;0.00;0.00;636.26
Feasible;0.38;2.00;0.00;31.83;397.88;0.00;0.00;973.47
Feasible;0.37;0.00;0.00;67.39;269.54;26.95;1347.71;458.22
Feasible;0.68;2.00;0.00;14.68;146.84;73.42;2936.86;312.78
Feasible;0.28;2.00;0.00;35.59;355.87;177.94;0.00;526.69
Feasible;0.07;2.00;0.00;70.42;492.96;0.00;0.00;1549.30
Feasible;0.07;2.00;0.00;70.42;492.96;0.00;0.00;1830.99
Feasible;0.14;2.00;0.00;42.25;457.75;0.00;0.00;1049.30
Feasible;0.14;2.00;0.00;69.93;209.79;0.00;0.00;1090.91
Feasible;0.13;2.00;0.00;38.76;387.60;193.80;18023.26;767.44
Feasible;0.13;2.00;0.00;38.76;387.60;193.80;18023.26;666.67
Feasible;0.36;2.00;0.00;28.01;280.11;140.06;0.00;1117.65
Feasible;0.36;2.00;0.00;28.01;280.11;140.06;0.00;1201.68
Feasible;0.36;2.00;0.00;28.17;281.69;0.00;0.00;769.01
Feasible;0.36;2.00;0.00;42.02;252.10;0.00;0.00;336.13
Feasible;0.16;2.00;0.00;31.85;318.47;318.47;6369.43;859.87
Feasible;0.16;2.00;0.00;31.85;318.47;159.24;0.00;694.27
Feasible;0.71;2.00;0.00;42.02;210.08;70.03;0.00;742.30
Feasible;0.71;2.00;0.00;42.02;210.08;70.03;0.00;910.36
Feasible;0.29;2.00;0.00;52.45;349.65;69.93;0.00;944.06
Feasible;0.36;2.00;0.00;42.02;210.08;70.03;1820.73;638.66
Feasible;0.36;2.00;0.00;28.01;420.17;140.06;11204.48;742.30
Feasible;0.36;2.00;0.00;28.01;420.17;140.06;14005.60;602.24
Feasible;0.71;2.00;0.00;28.01;140.06;0.00;0.00;676.47
Feasible;0.71;2.00;0.00;28.01;140.06;0.00;0.00;613.45
Feasible;0.36;2.00;0.00;70.42;70.42;14.08;0.00;1267.61
Feasible;0.54;2.00;0.00;37.31;373.13;0.00;0.00;878.73
Feasible;0.64;2.00;0.00;24.88;233.28;77.76;0.00;746.50
Feasible;0.64;2.00;0.00;24.88;233.28;77.76;0.00;583.20
Feasible;0.36;0.00;0.00;56.02;140.06;28.01;0.00;1064.43
Feasible;0.36;2.00;0.00;56.02;280.11;140.06;0.00;966.39
Feasible;0.36;2.00;0.00;42.02;280.11;140.06;3361.34;952.38
Feasible;0.50;2.00;1.00;26.00;200.00;100.00;4000.00;626.00
Feasible;1.43;2.00;0.00;42.02;245.10;105.04;8823.53;829.83
Feasible;1.43;2.00;0.00;42.02;245.10;105.04;8823.53;533.61
Feasible;1.07;0.00;0.00;46.69;233.43;46.69;1400.56;1036.41
Feasible;1.07;1.00;0.00;46.69;233.43;46.69;1400.56;1218.49
Feasible;0.18;2.00;0.00;27.93;279.33;111.73;0.00;547.49
Feasible;0.09;2.00;0.00;44.44;111.11;0.00;0.00;955.56
Feasible;0.03;2.00;0.00;68.97;344.83;517.24;0.00;4551.72
Feasible;0.03;2.00;2.00;172.41;344.83;517.24;0.00;2758.62
Feasible;1.29;2.00;1.00;31.10;77.76;0.00;0.00;493.78
Feasible;1.29;2.00;1.00;31.10;116.64;0.00;0.00;348.37
Feasible;0.53;2.00;1.00;56.29;234.52;93.81;0.00;647.28
Feasible;0.36;0.00;1.00;42.25;352.11;70.42;1690.14;653.52
Feasible;0.57;2.00;2.00;87.57;262.70;87.57;8406.30;777.58
Feasible;0.57;2.00;0.00;52.54;262.70;87.57;7005.25;388.79
Feasible;0.36;2.00;0.00;42.02;42.02;0.00;0.00;929.97
Feasible;0.71;2.00;0.00;21.01;35.01;0.00;0.00;528.01
Feasible;1.07;2.00;0.00;28.17;234.74;0.00;0.00;849.77
Feasible;1.07;2.00;0.00;37.35;280.11;0.00;0.00;281.98
Feasible;0.54;2.00;0.00;28.04;280.37;93.46;5607.48;781.31
Feasible;0.54;2.00;0.00;28.04;280.37;93.46;5607.48;841.12
Feasible;0.36;2.00;0.00;42.02;210.08;0.00;0.00;887.96
Feasible;0.36;2.00;0.00;42.02;210.08;0.00;0.00;518.21
Feasible;0.36;2.00;0.00;56.02;56.02;0.00;0.00;910.36
Feasible;0.36;2.00;0.00;56.02;140.06;0.00;0.00;448.18
Feasible;0.36;2.00;0.00;39.22;196.08;140.06;4481.79;1075.63
Feasible;0.36;2.00;2.00;39.22;280.11;140.06;4481.79;518.21
Feasible;3.57;2.00;1.00;28.01;350.14;70.03;0.00;955.18
Feasible;3.57;2.00;1.00;350.14;350.14;70.03;0.00;493.00
Feasible;5.00;2.00;1.00;20.00;200.00;0.00;0.00;555.00
Feasible;3.57;2.00;0.00;35.00;196.02;84.01;2520.30;434.05
Feasible;0.71;2.00;0.00;35.01;280.11;140.06;4201.68;830.53
Feasible;0.71;2.00;0.00;35.01;280.11;140.06;4201.68;693.28
Feasible;0.56;2.00;0.00;35.71;133.93;44.64;0.00;475.00
Feasible;0.56;2.00;0.00;35.71;89.29;0.00;0.00;275.00
Feasible;0.36;2.00;0.00;56.02;210.08;70.03;0.00;1277.31
Feasible;1.00;2.00;0.00;30.00;200.00;0.00;0.00;456.00
Feasible;0.71;2.00;0.00;70.03;140.06;140.06;1680.67;574.23
Feasible;0.71;2.00;0.00;70.03;140.06;140.06;1680.67;338.94
Feasible;0.58;2.00;1.00;69.32;259.97;43.33;0.00;941.07
Feasible;0.58;1.00;1.00;51.99;1.73;0.00;0.00;417.68
Feasible;0.50;2.00;1.00;50.00;250.00;50.00;4200.00;648.00
Feasible;0.50;0.00;1.00;30.00;300.00;100.00;1300.00;772.00
Feasible;0.50;2.00;0.00;60.00;200.00;200.00;4000.00;860.00
Feasible;0.50;2.00;0.00;60.00;100.00;100.00;0.00;624.00
Feasible;0.50;2.00;1.00;60.00;150.00;50.00;0.00;630.00
Feasible;0.50;2.00;1.00;30.00;100.00;0.00;0.00;1134.00
Feasible;0.36;2.00;1.00;42.02;280.11;70.03;0.00;560.22
Feasible;0.50;2.00;0.00;50.00;100.00;0.00;0.00;538.00
Feasible;0.71;2.00;0.00;84.03;665.27;70.03;4201.68;728.29
Feasible;0.36;2.00;0.00;84.03;560.22;70.03;4201.68;549.02
Feasible;0.21;2.00;0.00;38.10;476.19;119.05;2380.95;909.52
Feasible;0.21;2.00;0.00;38.10;95.24;0.00;0.00;976.19
Feasible;0.21;2.00;0.00;46.73;70.09;0.00;0.00;542.06
Feasible;0.29;0.00;0.00;20.98;3.50;0.00;0.00;1157.34
Feasible;0.36;2.00;0.00;56.02;210.08;0.00;2801.12;638.66
Feasible;0.36;2.00;0.00;42.02;140.06;0.00;0.00;532.21
Feasible;5.32;1.00;1.00;58.25;84.55;14.09;14.09;897.03
Feasible;2.90;2.00;1.00;55.21;103.52;17.25;172.53;694.27
Feasible;2.92;2.00;1.00;59.53;256.59;51.32;821.07;951.76
Feasible;2.13;2.00;0.00;46.95;70.42;0.00;0.00;1129.58
Feasible;1.29;2.00;2.00;73.87;466.56;155.52;1555.21;855.37
Feasible;0.36;2.00;0.00;42.02;56.02;14.01;0.00;509.80
Feasible;1.82;2.00;1.00;63.19;263.74;52.20;0.00;814.84
Feasible;1.47;2.00;1.00;30.61;129.25;23.81;0.00;449.66
Feasible;2.10;2.00;1.00;19.05;107.14;11.90;714.29;1222.86
Feasible;1.43;1.00;0.00;34.99;104.97;34.99;0.00;421.97
Feasible;3.93;2.00;0.00;35.12;203.61;178.16;1908.88;878.09
Feasible;1.79;2.00;0.00;35.27;139.98;0.00;0.00;613.66
Feasible;0.06;2.00;0.00;83.33;666.67;166.67;0.00;1500.00
Feasible;0.06;2.00;0.00;133.33;416.67;0.00;0.00;2216.67
Feasible;0.07;2.00;0.00;28.57;357.14;0.00;0.00;1928.57
Feasible;0.07;2.00;0.00;42.25;281.69;28.17;14084.51;1154.93
Feasible;2.49;2.00;2.00;38.11;220.62;120.34;4211.79;653.03
Feasible;1.71;2.00;0.00;37.92;218.79;72.93;4200.70;445.74
Feasible;1.36;2.00;1.00;55.31;110.62;0.00;0.00;525.81
Feasible;0.64;2.00;1.00;39.18;156.74;0.00;0.00;578.37
Feasible;0.57;2.00;1.00;43.71;262.24;87.41;2622.38;583.92
Feasible;0.29;0.00;0.00;87.72;3.51;0.00;0.00;649.12
Feasible;1.00;2.00;0.00;70.00;250.00;50.00;1500.00;696.00
Feasible;1.00;2.00;0.00;30.00;150.00;50.00;0.00;530.00
Feasible;0.50;2.00;1.00;40.32;241.94;20.16;0.00;862.90
Feasible;0.29;0.00;1.00;34.97;3.50;0.00;0.00;618.88
Feasible;0.36;2.00;1.00;50.42;420.17;140.06;0.00;1098.04
Feasible;0.10;2.00;0.00;61.22;255.10;0.00;0.00;1122.45
Feasible;0.14;2.00;0.00;174.83;174.83;174.83;10489.51;1132.87
Feasible;0.14;2.00;0.00;69.93;174.83;174.83;10489.51;1069.93
Feasible;3.50;2.00;1.00;40.00;200.00;57.14;88.57;1203.71
Feasible;1.00;2.00;1.00;30.00;200.00;0.00;2000.00;357.00
Feasible;3.59;2.00;1.00;58.50;278.55;27.86;891.36;1068.52
Feasible;0.84;2.00;0.00;35.71;238.10;29.76;0.00;414.29
Feasible;3.00;2.00;0.00;53.33;300.00;33.33;1466.67;779.00
Feasible;3.00;2.00;0.00;30.00;200.00;33.33;866.67;750.00
Feasible;0.28;2.00;1.00;42.86;214.29;35.71;714.29;1060.71
Feasible;0.28;0.00;1.00;28.57;89.29;0.00;0.00;471.43
Feasible;0.20;2.00;1.00;60.00;400.00;100.00;0.00;655.00
Feasible;0.28;2.00;1.00;28.57;267.86;0.00;0.00;464.29
Feasible;0.20;2.00;0.00;80.00;375.00;125.00;6000.00;1255.00
Feasible;0.20;2.00;0.00;80.00;125.00;0.00;3000.00;985.00
Feasible;1.00;2.00;1.00;75.00;250.00;50.00;800.00;896.00
Feasible;1.00;2.00;1.00;70.00;200.00;50.00;0.00;559.00
Feasible;1.00;2.00;1.00;20.00;300.00;100.00;300.00;576.00
Feasible;1.00;2.00;1.00;40.00;300.00;100.00;1800.00;377.00
Feasible;1.57;2.00;0.00;31.83;318.27;63.65;5092.30;779.12
Feasible;1.57;2.00;0.00;25.46;222.79;95.48;4774.03;381.92
Feasible;0.29;2.00;0.00;34.97;174.83;34.97;0.00;1020.98
Feasible;0.29;2.00;0.00;34.97;87.41;0.00;0.00;723.78
Feasible;0.14;2.00;0.00;70.42;352.11;0.00;0.00;1042.25
Feasible;0.28;2.00;0.00;28.57;35.71;0.00;0.00;660.71
Feasible;0.14;2.00;0.00;55.94;356.64;174.83;12587.41;867.13
Feasible;0.14;2.00;0.00;34.97;174.83;174.83;12587.41;713.29
Feasible;0.77;0.00;1.00;38.86;64.77;12.95;0.00;792.75
Feasible;0.35;0.00;1.00;28.41;71.02;0.00;0.00;815.34
Feasible;0.86;0.00;1.00;69.93;116.55;46.62;0.00;601.40
Feasible;0.36;0.00;0.00;33.61;84.03;0.00;0.00;369.75
Feasible;0.57;2.00;0.00;143.36;262.24;118.88;1573.43;1524.48
Feasible;0.57;2.00;0.00;34.97;192.31;69.93;1748.25;692.31
Feasible;0.11;2.00;0.00;27.27;363.64;0.00;0.00;963.64
Feasible;0.11;2.00;0.00;27.27;363.64;0.00;0.00;700.00
Feasible;0.21;2.00;0.00;23.36;233.64;46.73;0.00;542.06
Feasible;0.14;2.00;0.00;34.97;174.83;0.00;0.00;1699.30
Feasible;0.07;2.00;0.00;98.59;704.23;281.69;35211.27;1577.46
Feasible;0.07;2.00;0.00;70.42;352.11;140.85;0.00;887.32
Feasible;0.43;1.00;1.00;32.63;209.79;23.31;2097.90;529.14
Feasible;0.29;2.00;1.00;31.47;139.86;0.00;0.00;356.64
Feasible;0.97;2.00;1.00;41.45;233.16;103.63;207.25;505.70
Feasible;0.29;2.00;0.00;34.97;349.65;174.83;524.48;646.85
Feasible;0.71;2.00;0.00;30.81;175.07;175.07;2521.01;962.18
Feasible;0.96;2.00;0.00;29.05;207.47;207.47;2800.83;415.98
Feasible;4.07;1.00;0.00;61.43;147.42;0.00;0.00;767.57
Feasible;0.14;2.00;0.00;20.98;174.83;0.00;0.00;832.17
Feasible;3.64;2.00;0.00;54.90;109.80;0.00;0.00;804.56
Feasible;0.29;2.00;0.00;34.97;262.24;0.00;0.00;664.34
Feasible;0.29;2.00;0.00;87.41;349.65;174.83;0.00;559.44
Feasible;0.29;2.00;0.00;41.96;244.76;157.34;0.00;527.97
Feasible;1.14;1.00;0.00;35.00;0.87;0.00;0.00;824.15
Feasible;0.14;2.00;0.00;13.99;6.99;0.00;0.00;664.34
Feasible;0.50;0.00;0.00;40.00;2.00;0.00;0.00;896.00
Feasible;0.14;0.00;0.00;69.93;174.83;0.00;0.00;1713.29
Feasible;0.71;2.00;0.00;117.65;210.08;70.03;4201.68;537.82
Feasible;0.43;2.00;0.00;93.24;349.65;116.55;0.00;540.79
Feasible;0.64;1.00;1.00;23.58;31.45;0.00;0.00;561.32
Feasible;0.14;0.00;1.00;20.98;69.93;0.00;0.00;580.42
Feasible;0.50;0.00;1.00;30.00;200.00;0.00;0.00;872.00
Feasible;0.14;0.00;0.00;104.90;699.30;0.00;0.00;2440.56
Feasible;0.21;2.00;0.00;23.36;186.92;46.73;7009.35;560.75
Feasible;0.21;2.00;0.00;18.69;116.82;23.36;0.00;373.83
Feasible;0.29;2.00;0.00;27.97;349.65;41.96;699.30;692.31
Feasible;0.29;0.00;0.00;31.47;34.97;0.00;0.00;545.45
Feasible;0.29;2.00;0.00;34.97;349.65;87.41;699.30;783.22
Feasible;0.29;1.00;0.00;41.96;174.83;34.97;0.00;1069.93
Feasible;0.79;2.00;0.00;38.17;381.68;127.23;13867.68;595.42
Feasible;0.29;2.00;0.00;34.97;349.65;174.83;6993.01;531.47
Feasible;1.28;2.00;1.00;45.31;171.88;58.59;0.00;546.09
Feasible;1.28;2.00;1.00;23.44;78.13;0.00;0.00;314.06
Feasible;0.71;2.00;1.00;21.01;350.14;70.03;0.00;773.11
Feasible;0.71;2.00;0.00;28.17;211.27;70.42;0.00;602.82
Feasible;0.71;2.00;2.00;84.03;420.17;70.03;1400.56;596.64
Feasible;0.71;2.00;0.00;56.02;140.06;140.06;2100.84;722.69
Feasible;0.06;2.00;0.00;109.38;312.50;0.00;0.00;1359.38
Feasible;0.06;2.00;0.00;93.75;156.25;0.00;0.00;890.63
Feasible;0.28;2.00;0.00;64.29;214.29;0.00;0.00;892.86
Feasible;0.13;2.00;0.00;70.31;390.63;195.31;0.00;921.88
Feasible;0.06;2.00;0.00;228.07;877.19;877.19;17543.86;1754.39
Feasible;0.06;2.00;0.00;87.72;877.19;877.19;0.00;2192.98
Feasible;0.28;2.00;1.00;35.71;285.71;89.29;0.00;782.14
Feasible;0.28;2.00;1.00;35.71;142.86;0.00;0.00;703.57
Feasible;0.36;2.00;1.00;50.42;140.06;70.03;0.00;705.88
Feasible;0.36;2.00;0.00;56.02;280.11;0.00;0.00;935.57
Feasible;1.43;2.00;0.00;27.99;174.95;34.99;2099.37;687.19
Feasible;1.43;2.00;0.00;14.00;104.97;34.99;0.00;608.82
Feasible;0.07;2.00;0.00;42.86;285.71;0.00;0.00;1285.71
Feasible;0.07;2.00;0.00;42.86;142.86;0.00;0.00;657.14
Feasible;0.14;2.00;0.00;42.25;211.27;0.00;0.00;887.32
Feasible;0.07;0.00;0.00;70.42;98.59;42.25;0.00;1366.20
Feasible;0.36;2.00;0.00;70.03;210.08;70.03;0.00;1075.63
Feasible;0.36;2.00;0.00;16.81;70.03;8.40;0.00;627.45
Feasible;0.14;0.00;1.00;42.86;178.57;35.71;1785.71;1214.29
Feasible;0.14;0.00;1.00;42.86;178.57;35.71;1785.71;1214.29
Feasible;0.15;0.00;1.00;33.33;166.67;33.33;466.67;1173.33
Feasible;0.15;0.00;0.00;40.00;166.67;66.67;2000.00;1046.67
Feasible;0.43;0.00;0.00;44.29;349.65;116.55;699.30;1261.07
Feasible;0.43;0.00;0.00;44.29;349.65;116.55;1165.50;1354.31
Feasible;0.18;0.00;0.00;27.78;111.11;111.11;0.00;588.89
Feasible;0.18;0.00;0.00;27.78;111.11;111.11;0.00;666.67
Feasible;0.08;0.00;0.00;50.00;187.50;0.00;0.00;1075.00
Feasible;0.09;0.00;0.00;58.14;174.42;58.14;0.00;1058.14
Feasible;0.07;2.00;0.00;13.51;67.57;67.57;0.00;540.54
Feasible;0.01;0.00;0.00;71.43;357.14;357.14;0.00;1214.29
Feasible;0.19;0.00;0.00;37.84;81.08;0.00;0.00;486.49
Feasible;0.18;0.00;0.00;371.43;85.71;0.00;0.00;514.29
Feasible;0.12;0.00;0.00;25.00;166.67;41.67;0.00;966.67
Feasible;0.08;0.00;0.00;37.50;250.00;0.00;0.00;2275.00
Feasible;0.18;0.00;0.00;27.93;223.46;0.00;0.00;737.43
Feasible;0.18;0.00;0.00;27.93;223.46;0.00;0.00;703.91
Feasible;0.57;0.00;0.00;31.52;350.26;43.78;0.00;761.82
Feasible;0.57;0.00;0.00;31.52;350.26;43.78;0.00;1133.10
Feasible;0.57;0.00;0.00;43.86;263.16;43.86;1315.79;2080.70
Feasible;0.70;0.00;0.00;35.71;214.29;78.57;0.00;805.71
Feasible;1.66;0.00;0.00;26.46;402.89;162.36;0.00;808.78
Feasible;1.66;0.00;0.00;26.46;402.89;165.97;0.00;889.36
Feasible;0.50;0.00;2.00;16.00;200.00;40.00;0.00;612.00
Feasible;0.50;0.00;2.00;16.00;200.00;40.00;0.00;614.00
Feasible;0.58;1.00;2.00;20.87;286.96;104.35;0.00;944.35
Feasible;0.38;0.00;1.00;26.67;200.00;66.67;0.00;1056.00
Feasible;0.42;1.00;0.00;33.33;238.10;119.05;0.00;1433.33
Feasible;0.42;1.00;0.00;42.86;238.10;119.05;0.00;1654.76
Feasible;0.36;0.00;0.00;27.78;208.33;69.44;0.00;738.89
Feasible;0.36;0.00;0.00;27.78;208.33;69.44;0.00;738.89
Feasible;0.18;0.00;0.00;44.69;111.73;83.80;0.00;620.11
Feasible;0.19;0.00;0.00;51.81;362.69;181.35;0.00;1580.31
Feasible;0.19;0.00;0.00;51.81;362.69;181.35;0.00;1450.78
Feasible;0.92;0.00;0.00;32.61;326.09;108.70;1086.96;697.83
Feasible;0.92;0.00;0.00;32.61;326.09;108.70;1086.96;806.52
Feasible;0.38;0.00;0.00;16.00;200.00;66.67;1200.00;466.67
Feasible;0.54;2.00;0.00;13.08;130.84;56.07;934.58;715.89
Feasible;0.52;0.00;0.00;48.17;298.65;57.80;0.00;784.20
Feasible;0.60;0.00;0.00;41.39;256.62;49.67;0.00;716.89
Feasible;0.30;0.00;1.00;20.00;66.67;16.67;0.00;1183.33
Feasible;0.30;0.00;1.00;20.00;66.67;16.67;0.00;1183.33
Feasible;0.15;0.00;1.00;33.33;300.00;133.33;0.00;1440.00
Feasible;0.05;0.00;0.00;60.00;120.00;80.00;0.00;2460.00
Feasible;0.03;0.00;0.00;33.33;266.67;66.67;0.00;1333.33
Feasible;0.03;0.00;0.00;33.33;266.67;66.67;0.00;1333.33
Feasible;0.70;0.00;0.00;22.86;71.43;35.71;1142.86;555.71
Feasible;0.70;0.00;0.00;22.86;71.43;35.71;1142.86;598.57
Feasible;0.39;0.00;0.00;38.46;153.85;38.46;0.00;705.13
Feasible;0.50;0.00;0.00;14.00;100.00;30.00;0.00;406.00
Feasible;0.51;0.00;0.00;29.41;196.08;98.04;0.00;619.61
Feasible;0.51;0.00;0.00;29.41;196.08;98.04;0.00;747.06
Feasible;0.71;0.00;0.00;25.35;211.27;77.46;0.00;645.07
Feasible;0.71;0.00;0.00;25.35;211.27;70.42;0.00;638.03
Feasible;0.39;0.00;0.00;25.97;168.83;51.95;0.00;581.82
Feasible;0.75;0.00;0.00;16.00;100.00;33.33;0.00;320.00
Feasible;0.56;0.00;0.00;32.32;206.46;26.93;0.00;551.17
Feasible;0.56;0.00;0.00;32.32;206.46;26.93;0.00;982.05
Feasible;0.35;0.00;0.00;20.00;214.29;71.43;2857.14;731.43
Feasible;0.35;0.00;0.00;20.00;214.29;71.43;2857.14;760.00
Feasible;0.02;0.00;0.00;100.00;250.00;100.00;0.00;1250.00
Feasible;0.28;0.00;0.00;42.55;106.38;35.46;0.00;1528.37
Feasible;0.07;0.00;0.00;27.40;164.38;41.10;0.00;1287.67
Feasible;0.04;0.00;0.00;46.51;279.07;69.77;0.00;2837.21
Feasible;0.18;0.00;1.00;38.89;361.11;111.11;3777.78;850.00
Feasible;0.18;0.00;1.00;38.89;361.11;111.11;3777.78;1044.44
Feasible;0.19;0.00;1.00;36.27;259.07;51.81;0.00;590.67
Feasible;0.19;0.00;0.00;46.63;259.07;103.63;0.00;1217.62
Feasible;0.15;0.00;0.00;13.42;33.56;13.42;0.00;731.54
Feasible;0.05;0.00;0.00;40.82;102.04;40.82;0.00;2775.51
Feasible;0.18;0.00;0.00;22.35;139.66;0.00;0.00;569.83
Feasible;0.18;0.00;0.00;22.35;139.66;0.00;0.00;765.36
Feasible;0.18;0.00;0.00;44.69;139.66;0.00;0.00;1027.93
Feasible;0.18;0.00;0.00;22.35;139.66;0.00;0.00;1234.64
Feasible;0.81;0.00;0.00;44.23;233.42;43.00;0.00;997.54
Feasible;0.64;0.00;0.00;44.03;322.33;55.03;0.00;1128.93
Feasible;0.08;0.00;0.00;12.50;100.00;50.00;0.00;825.00
Feasible;0.03;0.00;0.00;66.67;400.00;100.00;0.00;2966.67
Feasible;0.04;0.00;0.00;50.00;250.00;125.00;0.00;1525.00
Feasible;0.08;0.00;0.00;37.50;187.50;62.50;0.00;1500.00
Feasible;0.08;0.00;0.00;37.50;250.00;62.50;0.00;2062.50
Feasible;0.67;0.00;0.00;26.87;111.94;37.31;746.27;888.06
Feasible;0.67;0.00;0.00;26.87;111.94;37.31;746.27;888.06
Feasible;0.38;0.00;0.00;37.33;133.33;66.67;1200.00;394.67
Feasible;0.36;0.00;0.00;47.89;140.85;70.42;0.00;1090.14
Feasible;0.07;0.00;0.00;42.86;500.00;214.29;0.00;2257.14
Feasible;0.07;0.00;0.00;42.86;500.00;214.29;0.00;2257.14
Feasible;0.52;0.00;0.00;38.46;144.23;48.08;480.77;298.08
Feasible;0.52;0.00;0.00;19.23;144.23;48.08;480.77;403.85
Feasible;0.54;2.00;0.00;37.31;223.88;55.97;932.84;641.79
Feasible;0.54;0.00;0.00;37.31;186.57;37.31;0.00;639.93
Feasible;0.43;0.00;0.00;28.10;281.03;58.55;2341.92;847.78
Feasible;0.43;0.00;0.00;28.04;268.69;70.09;0.00;841.12
Feasible;0.53;0.00;0.00;37.45;187.27;46.82;0.00;513.11
Feasible;0.53;0.00;0.00;37.45;187.27;46.82;0.00;668.54
Feasible;0.14;0.00;0.00;21.43;357.14;71.43;0.00;685.71
Feasible;0.15;0.00;0.00;33.33;200.00;33.33;0.00;786.67
Feasible;0.11;0.00;0.00;46.73;373.83;93.46;0.00;1476.64
Feasible;0.11;0.00;0.00;46.73;373.83;93.46;0.00;1383.18
Feasible;0.17;0.00;0.00;46.78;175.44;29.24;0.00;1005.85
Feasible;0.17;0.00;0.00;46.78;175.44;29.24;0.00;1438.60
Feasible;0.03;0.00;0.00;71.43;357.14;178.57;0.00;1892.86
Feasible;0.14;0.00;1.00;69.93;349.65;349.65;0.00;1825.17
Feasible;0.22;1.00;0.00;22.62;253.39;85.97;0.00;502.26
Feasible;0.22;0.00;0.00;22.62;253.39;85.97;0.00;502.26
Feasible;0.70;0.00;0.00;21.43;285.71;71.43;1142.86;800.00
Feasible;0.70;0.00;0.00;21.43;285.71;71.43;1142.86;844.29
Feasible;0.46;0.00;0.00;43.76;306.35;65.65;0.00;879.65
Feasible;0.46;0.00;0.00;21.88;273.52;54.70;1094.09;654.27
Feasible;0.70;1.00;0.00;31.43;285.71;214.29;0.00;1567.14
Feasible;0.70;1.00;0.00;34.29;285.71;214.29;0.00;1418.57
Feasible;0.50;0.00;0.00;40.00;200.00;100.00;1000.00;790.00
Feasible;0.50;0.00;0.00;40.00;200.00;100.00;1000.00;870.00
Feasible;0.36;0.00;0.00;33.61;210.08;70.03;1680.67;893.56
Feasible;0.36;0.00;0.00;33.61;210.08;70.03;0.00;515.41
Feasible;1.07;0.00;0.00;32.68;186.74;93.37;2334.27;591.97
Feasible;1.07;0.00;0.00;32.68;280.11;93.37;0.00;639.59
Feasible;0.35;0.00;0.00;42.86;142.86;28.57;0.00;871.43
Feasible;0.35;0.00;0.00;42.86;142.86;28.57;0.00;988.57
Feasible;0.38;0.00;0.00;31.83;265.25;66.31;0.00;1103.45
Feasible;0.50;0.00;2.00;32.00;140.00;20.00;0.00;834.00
Feasible;0.42;0.00;0.00;42.45;306.60;47.17;0.00;905.66
Feasible;0.42;0.00;0.00;42.45;306.60;47.17;0.00;839.62
Feasible;0.08;0.00;0.00;37.50;87.50;0.00;0.00;675.00
Feasible;0.08;0.00;0.00;37.50;87.50;0.00;0.00;600.00
Feasible;0.02;0.00;0.00;117.65;294.12;0.00;0.00;2764.71
Feasible;0.07;0.00;0.00;14.08;84.51;56.34;0.00;1112.68
Feasible;0.13;0.00;0.00;38.76;155.04;77.52;0.00;1116.28
Feasible;0.13;0.00;0.00;38.76;155.04;77.52;0.00;1116.28
Feasible;0.35;0.00;1.00;28.57;214.29;71.43;1142.86;885.71
Feasible;0.35;0.00;1.00;28.57;214.29;71.43;1142.86;1274.29
Feasible;0.35;0.00;1.00;42.74;712.25;142.45;8547.01;660.97
Feasible;0.35;0.00;0.00;28.49;242.17;42.74;0.00;592.59
Feasible;0.35;0.00;0.00;45.71;285.71;142.86;0.00;708.57
Feasible;0.35;0.00;0.00;45.71;285.71;142.86;0.00;757.14
Feasible;1.05;0.00;1.00;30.48;200.00;66.67;1904.76;452.38
Feasible;1.05;0.00;1.00;30.48;200.00;66.67;1904.76;476.19
Feasible;1.07;0.00;1.00;29.88;56.02;18.67;466.85;745.10
Feasible;0.71;0.00;0.00;28.01;105.04;35.01;0.00;1211.48
Feasible;0.82;0.00;0.00;28.12;130.81;37.90;0.00;1415.65
Feasible;0.82;0.00;0.00;28.12;130.81;37.90;0.00;1381.42
Feasible;0.38;0.00;0.00;44.74;210.53;52.63;0.00;1171.05
Feasible;0.38;0.00;0.00;44.74;210.53;52.63;0.00;1236.84
Feasible;0.39;0.00;0.00;33.59;323.00;38.76;0.00;1023.26
Feasible;0.39;0.00;0.00;38.76;245.48;77.52;0.00;1661.50
Feasible;0.18;0.00;0.00;34.29;228.57;114.29;0.00;1542.86
Feasible;0.18;0.00;0.00;34.29;228.57;114.29;0.00;1840.00
Feasible;0.35;0.00;1.00;45.71;142.86;57.14;1428.57;557.14
Feasible;0.35;0.00;1.00;45.71;142.86;57.14;1428.57;585.71
Feasible;0.70;0.00;1.00;28.49;106.84;35.61;0.00;497.15
Feasible;0.71;0.00;2.00;21.01;140.06;70.03;0.00;602.24
Feasible;0.32;0.00;0.00;59.38;281.25;93.75;0.00;937.50
Feasible;0.07;0.00;0.00;42.86;214.29;71.43;0.00;857.14
Feasible;0.70;0.00;0.00;35.71;142.86;71.43;714.29;642.86
Feasible;0.70;0.00;0.00;35.71;142.86;71.43;714.29;734.29
Feasible;0.54;0.00;0.00;27.99;279.85;0.00;0.00;634.33
Feasible;0.28;0.00;0.00;35.46;141.84;35.46;0.00;773.05
Feasible;0.36;0.00;0.00;33.52;223.46;55.87;0.00;972.07
Feasible;0.36;0.00;0.00;39.11;223.46;55.87;0.00;986.03
Feasible;0.18;0.00;0.00;28.57;171.43;85.71;571.43;920.00
Feasible;0.35;0.00;0.00;25.71;171.43;85.71;285.71;1488.57
Feasible;0.36;0.00;0.00;27.93;195.53;83.80;0.00;634.08
Feasible;0.30;1.00;1.00;36.67;300.00;100.00;0.00;1673.33
Feasible;0.36;0.00;0.00;27.93;279.33;67.04;0.00;1022.35
Feasible;0.36;0.00;0.00;27.93;279.33;67.04;0.00;1053.07
Feasible;0.38;0.00;0.00;47.37;328.95;65.79;789.47;615.79
Feasible;0.38;0.00;0.00;47.37;328.95;65.79;789.47;694.74
Feasible;0.54;1.00;0.00;33.58;279.85;27.99;0.00;611.94
Feasible;0.54;0.00;0.00;27.99;263.06;16.79;0.00;766.79
Feasible;0.77;0.00;0.00;34.88;193.80;12.92;0.00;797.16
Feasible;0.72;0.00;0.00;37.29;207.18;13.81;0.00;910.22
Feasible;0.18;0.00;0.00;16.67;222.22;111.11;0.00;672.22
Feasible;0.18;0.00;0.00;16.67;222.22;111.11;0.00;1627.78
Feasible;0.10;0.00;0.00;30.00;250.00;100.00;0.00;1320.00
Feasible;0.18;0.00;0.00;16.76;139.66;27.93;0.00;502.79
Feasible;0.18;0.00;0.00;22.35;139.66;55.87;0.00;586.59
Feasible;0.18;0.00;0.00;22.35;111.73;111.73;0.00;642.46
Feasible;0.21;0.00;0.00;38.65;193.24;48.31;0.00;1033.82
Feasible;0.18;0.00;0.00;33.33;222.22;55.56;0.00;1450.00
Feasible;0.57;0.00;0.00;17.70;88.50;44.25;0.00;677.88
Feasible;0.54;0.00;2.00;16.79;223.88;37.31;0.00;1007.46
Feasible;0.54;0.00;0.00;27.99;298.51;93.28;0.00;930.97
Feasible;0.54;0.00;0.00;27.99;298.51;93.28;0.00;824.63
Feasible;0.17;0.00;0.00;23.53;176.47;29.41;0.00;705.88
Feasible;0.17;0.00;0.00;23.53;176.47;29.41;0.00;764.71
Feasible;0.18;0.00;0.00;22.35;111.73;27.93;0.00;1312.85
Feasible;0.18;0.00;0.00;22.35;139.66;27.93;0.00;625.70
Feasible;0.34;0.00;0.00;44.25;442.48;117.99;0.00;1274.34
Feasible;0.34;0.00;0.00;44.25;442.48;117.99;0.00;1238.94
Feasible;0.35;0.00;0.00;42.86;214.29;71.43;714.29;771.43
Feasible;0.35;0.00;0.00;42.86;214.29;71.43;714.29;771.43
Feasible;0.43;0.00;0.00;39.81;292.74;35.13;0.00;749.41
Feasible;0.43;0.00;0.00;35.13;117.10;23.42;234.19;1278.69
Feasible;0.71;0.00;0.00;28.01;350.14;70.03;3501.40;505.60
Feasible;0.71;0.00;0.00;28.01;350.14;70.03;3501.40;645.66
Feasible;0.70;0.00;0.00;28.57;114.29;64.29;0.00;400.00
Feasible;0.70;0.00;0.00;28.57;114.29;60.00;0.00;421.43
Feasible;0.99;0.00;0.00;40.28;251.76;50.35;0.00;482.38
Feasible;1.07;0.00;0.00;28.01;233.43;46.69;0.00;1232.49
Feasible;1.04;0.00;0.00;28.96;347.49;231.66;2123.55;756.76
Feasible;1.04;0.00;0.00;28.96;347.49;231.66;2123.55;588.80
Feasible;0.53;0.00;0.00;26.67;95.24;47.62;952.38;647.62
Feasible;0.53;0.00;0.00;26.67;95.24;47.62;952.38;647.62
Feasible;0.25;0.00;0.00;20.00;40.00;20.00;0.00;348.00
Feasible;0.18;0.00;0.00;28.57;285.71;0.00;0.00;1245.71
Feasible;0.92;0.00;0.00;27.09;260.02;59.59;0.00;816.90
Feasible;0.92;0.00;0.00;27.09;287.11;59.59;0.00;834.24
Feasible;0.56;0.00;1.00;25.18;269.78;89.93;0.00;525.18
Feasible;0.56;0.00;1.00;25.18;269.78;89.93;0.00;444.24
Feasible;0.55;2.00;1.00;18.32;274.73;91.58;1877.29;679.49
Feasible;0.54;1.00;0.00;27.99;111.94;18.66;559.70;697.76
Feasible;0.57;0.00;0.00;30.04;176.68;58.30;0.00;992.93
Feasible;0.57;0.00;0.00;30.04;194.35;58.30;0.00;992.93
Feasible;1.05;0.00;0.00;19.05;95.24;47.62;0.00;584.76
Feasible;0.70;0.00;0.00;21.43;114.29;57.14;0.00;651.43
Feasible;0.84;0.00;0.00;38.05;118.91;17.84;0.00;967.90
Feasible;0.75;0.00;0.00;22.58;199.20;66.40;0.00;948.21
Feasible;0.36;0.00;0.00;39.22;350.14;70.03;3081.23;929.97
Feasible;0.36;0.00;0.00;39.22;350.14;70.03;0.00;997.20
Feasible;0.23;0.00;0.00;56.52;173.91;65.22;3913.04;1408.70
Feasible;0.17;0.00;0.00;58.48;175.44;58.48;0.00;1309.94
Feasible;0.31;0.00;0.00;47.77;191.08;127.39;0.00;1054.14
Feasible;0.29;0.00;0.00;31.47;174.83;69.93;0.00;751.75
Feasible;0.25;0.00;0.00;32.00;320.00;320.00;0.00;1572.00
Feasible;0.22;0.00;0.00;36.20;226.24;226.24;0.00;1656.11
Feasible;0.42;0.00;1.00;35.71;297.62;178.57;1190.48;719.05
Feasible;0.07;0.00;1.00;100.00;428.57;142.86;0.00;1200.00
Feasible;0.43;0.00;1.00;27.91;174.42;290.70;581.40;513.95
Feasible;0.30;0.00;0.00;33.33;166.67;66.67;0.00;933.33
Feasible;0.86;0.00;0.00;23.34;175.03;58.34;0.00;1960.33
Feasible;0.29;0.00;0.00;27.97;174.83;69.93;0.00;1066.43
Feasible;0.11;0.00;0.00;44.64;133.93;89.29;0.00;803.57
Feasible;0.07;0.00;0.00;57.14;142.86;28.57;0.00;985.71
Feasible;0.14;0.00;0.00;27.97;139.86;34.97;0.00;811.19
Feasible;0.09;0.00;0.00;46.51;11.63;23.26;0.00;1220.93
Feasible;0.07;0.00;0.00;56.34;352.11;211.27;0.00;2014.08
Feasible;0.04;0.00;0.00;55.56;222.22;194.44;0.00;1888.89
Feasible;0.46;0.00;0.00;43.96;329.67;109.89;1098.90;1228.57
Feasible;0.07;0.00;0.00;42.86;214.29;142.86;0.00;871.43
Feasible;0.46;0.00;0.00;43.10;323.28;107.76;0.00;1491.38
Feasible;0.14;0.00;0.00;35.71;178.57;107.14;0.00;1050.00
Feasible;0.46;0.00;0.00;59.08;437.64;328.23;2188.18;1641.14
Feasible;0.31;0.00;0.00;70.06;382.17;191.08;0.00;1640.13
Feasible;0.14;0.00;1.00;41.96;125.87;125.87;0.00;1223.78
Feasible;0.04;0.00;1.00;83.33;138.89;138.89;0.00;1777.78
Feasible;0.14;0.00;1.00;41.96;244.76;244.76;0.00;440.56
Feasible;0.09;0.00;0.00;23.53;70.59;47.06;0.00;1058.82
Feasible;0.07;0.00;0.00;28.17;239.44;112.68;0.00;1816.90
Feasible;0.04;0.00;0.00;55.56;277.78;138.89;0.00;1111.11
Feasible;0.21;0.00;0.00;32.71;186.92;186.92;1682.24;1813.08
Feasible;0.21;0.00;0.00;32.71;186.92;186.92;0.00;1369.16
Feasible;0.14;0.00;0.00;41.96;209.79;139.86;0.00;636.36
Feasible;0.14;0.00;0.00;34.97;223.78;69.93;0.00;825.17
Feasible;0.21;0.00;0.00;32.71;327.10;327.10;0.00;1116.82
Feasible;0.21;0.00;0.00;32.71;280.37;280.37;0.00;738.32
Feasible;0.20;0.00;0.00;51.02;76.53;51.02;0.00;1107.14
Feasible;0.14;0.00;0.00;35.71;107.14;107.14;0.00;900.00
Feasible;0.14;0.00;0.00;41.96;104.90;104.90;0.00;685.31
Feasible;0.13;0.00;0.00;39.68;150.79;150.79;0.00;825.40
Feasible;0.14;0.00;0.00;34.97;174.83;69.93;0.00;986.01
Feasible;0.14;0.00;0.00;34.97;174.83;69.93;0.00;986.01
Feasible;0.43;0.00;0.00;69.93;209.79;139.86;839.16;1034.97
Feasible;0.14;0.00;0.00;69.93;209.79;139.86;0.00;1314.69
Feasible;0.28;0.00;0.00;71.43;250.00;142.86;0.00;710.71
Feasible;0.21;0.00;0.00;46.95;187.79;93.90;0.00;892.02
Feasible;0.40;0.00;0.00;30.00;375.00;125.00;0.00;962.50
Feasible;0.25;2.00;0.00;32.00;400.00;120.00;0.00;1028.00
Feasible;0.49;0.00;1.00;51.02;408.16;204.08;1020.41;753.06
Feasible;0.34;0.00;1.00;29.41;176.47;58.82;0.00;526.47
Feasible;0.50;1.00;1.00;30.00;150.00;150.00;0.00;1272.00
Feasible;0.14;0.00;0.00;69.93;160.84;251.75;0.00;1041.96
Feasible;1.11;0.00;0.00;29.62;233.39;67.32;0.00;976.66
Feasible;0.56;2.00;0.00;26.93;233.39;71.81;0.00;1007.18
Feasible;0.09;0.00;0.00;93.02;581.40;290.70;0.00;1511.63
Feasible;0.04;0.00;0.00;69.77;302.33;279.07;0.00;2000.00
Feasible;0.23;0.00;0.00;113.54;305.68;174.67;0.00;1842.79
Feasible;0.06;0.00;0.00;70.18;350.88;298.25;0.00;2280.70
Feasible;0.49;0.00;0.00;41.15;411.52;123.46;0.00;2024.69
Feasible;0.06;0.00;0.00;52.63;350.88;87.72;0.00;1649.12
Feasible;0.21;0.00;0.00;48.54;339.81;145.63;0.00;1228.16
Feasible;0.09;0.00;0.00;54.95;329.67;329.67;0.00;1428.57
Feasible;0.41;0.00;0.00;24.15;144.93;96.62;0.00;1028.99
Feasible;0.13;0.00;0.00;39.06;203.13;93.75;0.00;1296.88
Feasible;0.14;0.00;0.00;34.97;279.72;139.86;0.00;1272.73
Feasible;0.09;0.00;0.00;43.01;376.34;107.53;0.00;795.70
Feasible;0.14;0.00;0.00;34.97;209.79;139.86;0.00;1209.79
Feasible;0.04;0.00;0.00;69.77;348.84;232.56;0.00;1395.35
Feasible;0.07;0.00;0.00;28.57;357.14;71.43;0.00;1085.71
Feasible;0.04;0.00;0.00;27.78;138.89;55.56;0.00;1944.44
Feasible;0.14;0.00;0.00;34.97;209.79;104.90;0.00;1076.92
Feasible;0.07;2.00;0.00;28.17;211.27;70.42;0.00;1056.34
Feasible;0.14;0.00;1.00;41.96;209.79;139.86;0.00;1006.99
Feasible;0.07;0.00;1.00;42.25;211.27;140.85;0.00;1309.86
Feasible;0.21;0.00;1.00;32.86;215.96;136.15;1173.71;661.97
Feasible;0.07;0.00;0.00;42.25;211.27;112.68;0.00;873.24
Feasible;0.36;0.00;0.00;56.02;280.11;70.03;1400.56;1014.01
Feasible;0.14;0.00;0.00;41.96;209.79;69.93;0.00;1349.65
Feasible;0.14;0.00;0.00;41.96;174.83;104.90;0.00;1118.88
Feasible;0.07;0.00;0.00;42.25;169.01;112.68;0.00;1126.76
Feasible;0.14;0.00;0.00;20.98;139.86;69.93;0.00;720.28
Feasible;0.07;0.00;0.00;42.25;211.27;70.42;0.00;816.90
Feasible;0.19;2.00;0.00;27.03;378.38;162.16;0.00;1902.70
Feasible;0.11;2.00;0.00;17.54;263.16;175.44;0.00;1614.04
Feasible;0.13;0.00;0.00;75.19;375.94;375.94;0.00;1315.79
Feasible;0.16;0.00;0.00;38.46;160.26;160.26;0.00;1070.51
Feasible;0.18;0.00;0.00;27.93;167.60;167.60;279.33;994.41
Feasible;0.11;0.00;0.00;37.38;186.92;46.73;467.29;1467.29
Feasible;0.20;1.00;0.00;30.00;300.00;150.00;0.00;1225.00
Feasible;0.11;0.00;0.00;35.09;219.30;219.30;0.00;2175.44
Feasible;0.56;0.00;0.00;26.79;133.93;62.50;0.00;537.50
Feasible;0.41;0.00;0.00;19.70;147.78;49.26;0.00;339.90
Feasible;0.29;0.00;0.00;34.97;262.24;174.83;0.00;758.74
Feasible;0.29;0.00;0.00;34.97;209.79;139.86;0.00;622.38
Feasible;0.29;0.00;0.00;69.93;349.65;174.83;0.00;1269.23
Feasible;0.16;2.00;0.00;60.98;426.83;182.93;0.00;1378.05
Feasible;0.21;0.00;0.00;74.77;327.10;140.19;841.12;658.88
Feasible;0.14;0.00;0.00;41.96;279.72;139.86;0.00;461.54
Feasible;0.22;0.00;0.00;45.45;113.64;340.91;0.00;731.82
Feasible;0.17;0.00;0.00;40.94;175.44;116.96;0.00;578.95
Feasible;0.37;0.00;0.00;40.43;269.54;67.39;0.00;1202.16
Feasible;0.19;0.00;0.00;41.45;259.07;129.53;0.00;1279.79
Feasible;0.70;0.00;0.00;35.71;142.86;71.43;0.00;961.43
Feasible;0.50;0.00;0.00;40.00;150.00;50.00;0.00;732.00
Feasible;0.71;0.00;0.00;28.01;210.08;105.04;0.00;495.80
Feasible;0.60;0.00;0.00;33.33;333.33;33.33;0.00;1071.67
Feasible;0.43;2.00;0.00;34.97;186.48;46.62;0.00;1081.59
Feasible;0.43;2.00;0.00;34.97;139.86;46.62;0.00;965.03
Feasible;0.07;0.00;1.00;28.17;211.27;98.59;0.00;1507.04
Feasible;0.07;0.00;1.00;28.17;211.27;98.59;0.00;1507.04
Feasible;0.14;0.00;1.00;71.43;178.57;357.14;0.00;914.29
Feasible;0.07;0.00;0.00;28.57;285.71;142.86;0.00;1571.43
Feasible;0.21;2.00;0.00;46.73;280.37;93.46;0.00;1504.67
Feasible;0.07;2.00;0.00;42.25;281.69;70.42;0.00;2140.85
Feasible;1.12;0.00;0.00;29.46;241.07;151.79;0.00;786.61
Feasible;0.32;0.00;0.00;18.63;217.39;93.17;0.00;1378.88
Feasible;0.43;0.00;0.00;23.36;175.23;175.23;0.00;364.49
Feasible;0.30;0.00;0.00;50.00;250.00;50.00;0.00;763.33
Feasible;0.43;0.00;0.00;58.28;151.52;151.52;0.00;1331.00
Feasible;0.21;0.00;0.00;56.07;140.19;140.19;0.00;1682.24
Feasible;0.16;0.00;0.00;36.59;48.78;42.68;0.00;725.61
Feasible;0.09;0.00;0.00;34.88;46.51;34.88;0.00;1104.65
Feasible;0.16;0.00;0.00;95.54;318.47;318.47;0.00;1904.46
Feasible;0.10;0.00;0.00;90.00;100.00;80.00;0.00;1300.00
Feasible;0.39;0.00;0.00;30.53;216.28;63.61;0.00;1239.19
Feasible;0.11;2.00;0.00;28.30;188.68;141.51;0.00;1990.57
Feasible;0.14;0.00;1.00;41.96;244.76;174.83;1048.95;1020.98
Feasible;0.06;0.00;1.00;52.63;228.07;210.53;0.00;1385.96
Feasible;0.21;0.00;1.00;28.04;163.55;116.82;0.00;892.52
Feasible;0.10;0.00;0.00;50.00;150.00;40.00;0.00;1300.00
Feasible;0.31;1.00;2.00;47.77;222.93;95.54;0.00;1283.44
Feasible;0.12;1.00;0.00;33.06;247.93;123.97;0.00;1661.16
Feasible;0.56;0.00;2.00;25.00;178.57;133.93;892.86;1208.93
Feasible;0.46;0.00;2.00;43.96;109.89;43.96;0.00;389.01
Feasible;0.57;0.00;2.00;28.02;175.13;0.00;0.00;1049.04
Feasible;0.47;0.00;0.00;27.96;133.33;38.71;0.00;604.30
Feasible;0.32;2.00;2.00;31.15;218.07;77.88;0.00;1358.26
Feasible;0.04;2.00;0.00;55.56;166.67;138.89;0.00;1722.22
Feasible;0.29;0.00;0.00;24.48;332.17;104.90;0.00;1783.22
Feasible;0.14;0.00;0.00;27.97;244.76;139.86;0.00;1370.63
Feasible;0.36;0.00;0.00;84.03;280.11;140.06;350.14;1070.03
Feasible;0.14;0.00;0.00;48.95;209.79;139.86;0.00;1797.20
Feasible;0.12;0.00;0.00;33.06;289.26;206.61;0.00;1553.72
Feasible;0.08;0.00;0.00;37.97;316.46;126.58;0.00;1544.30
Feasible;0.36;0.00;0.00;28.01;140.06;84.03;0.00;495.80
Feasible;0.10;0.00;0.00;30.00;150.00;100.00;0.00;670.00
Feasible;0.29;0.00;0.00;34.97;104.90;69.93;0.00;1125.87
Feasible;0.10;0.00;0.00;30.00;80.00;40.00;0.00;870.00
Feasible;0.32;0.00;0.00;31.15;202.49;93.46;0.00;1464.17
Feasible;0.19;0.00;0.00;25.91;207.25;103.63;0.00;875.65
Feasible;0.28;0.00;0.00;21.51;172.04;139.78;0.00;684.59
Feasible;0.11;0.00;0.00;28.04;93.46;46.73;0.00;1504.67
Feasible;0.07;0.00;0.00;42.25;70.42;84.51;0.00;1887.32
Feasible;0.07;0.00;0.00;42.25;56.34;56.34;0.00;1253.52
Feasible;0.14;0.00;0.00;34.97;279.72;69.93;0.00;1839.16
Feasible;0.07;0.00;0.00;42.25;281.69;70.42;0.00;1253.52
Feasible;0.21;0.00;0.00;42.86;333.33;238.10;1190.48;976.19
Feasible;0.21;0.00;0.00;18.87;212.26;84.91;0.00;1127.36
Feasible;0.21;0.00;0.00;70.09;233.64;93.46;0.00;1345.79
Feasible;0.14;0.00;0.00;20.98;489.51;139.86;0.00;1090.91
Feasible;0.11;0.00;0.00;35.09;350.88;166.67;0.00;2754.39
Feasible;0.07;2.00;0.00;42.25;380.28;183.10;0.00;2126.76
Feasible;0.36;0.00;0.00;33.61;140.06;56.02;1008.40;1249.30
Feasible;0.14;0.00;0.00;27.97;174.83;174.83;0.00;1174.83
Feasible;0.29;0.00;0.00;34.97;349.65;174.83;0.00;926.57
Feasible;0.10;0.00;0.00;20.00;300.00;300.00;0.00;1340.00
Feasible;0.29;0.00;0.00;34.84;209.06;87.11;0.00;1003.48
Feasible;0.13;2.00;0.00;38.76;193.80;116.28;0.00;1240.31
Feasible;0.29;0.00;1.00;20.98;174.83;174.83;874.13;937.06
Feasible;0.14;0.00;1.00;20.98;174.83;174.83;0.00;1076.92
Feasible;0.14;0.00;1.00;35.21;176.06;176.06;0.00;887.32
Feasible;0.21;0.00;0.00;32.71;149.53;130.84;0.00;911.21
Feasible;0.17;0.00;0.00;35.09;233.92;116.96;0.00;1801.17
Feasible;0.15;0.00;0.00;33.33;200.00;133.33;0.00;1220.00
Feasible;0.08;0.00;0.00;71.43;238.10;119.05;0.00;1309.52
Feasible;0.01;0.00;0.00;142.86;357.14;214.29;0.00;2000.00
Feasible;0.10;0.00;0.00;70.00;200.00;100.00;0.00;1030.00
Feasible;0.07;0.00;0.00;56.34;98.59;98.59;0.00;1070.42
Feasible;0.21;0.00;0.00;37.38;280.37;186.92;0.00;953.27
Feasible;0.07;2.00;0.00;67.57;540.54;135.14;0.00;1500.00
Feasible;0.10;0.00;0.00;51.02;204.08;102.04;0.00;1448.98
Feasible;0.06;0.00;0.00;53.57;267.86;178.57;0.00;1017.86
Feasible;0.10;0.00;0.00;50.00;150.00;100.00;0.00;2200.00
Feasible;0.04;0.00;0.00;75.00;300.00;200.00;0.00;3150.00
Feasible;0.16;1.00;0.00;42.68;304.88;304.88;0.00;3054.88
Feasible;0.09;2.00;0.00;34.88;174.42;116.28;0.00;3197.67
Feasible;0.14;0.00;0.00;34.97;349.65;104.90;0.00;1496.50
Feasible;0.04;0.00;0.00;23.26;116.28;116.28;0.00;1953.49
Feasible;0.23;0.00;0.00;17.47;174.67;174.67;0.00;965.07
Feasible;0.04;0.00;0.00;69.77;348.84;209.30;0.00;1906.98
Feasible;0.28;0.00;0.00;54.15;451.26;270.76;0.00;2599.28
Feasible;0.19;0.00;0.00;53.76;403.23;134.41;0.00;1623.66
Feasible;0.57;0.00;1.00;35.03;131.35;43.78;0.00;709.28
Feasible;0.07;0.00;1.00;70.42;211.27;140.85;0.00;1661.97
Feasible;0.57;0.00;1.00;22.77;218.91;131.35;0.00;1164.62
Feasible;0.36;0.00;0.00;42.25;87.32;67.61;0.00;892.96
Feasible;0.46;1.00;0.00;32.33;215.52;96.98;0.00;926.72
Feasible;0.32;1.00;0.00;31.15;233.64;93.46;0.00;841.12
Feasible;0.35;0.00;1.00;28.90;115.61;43.35;1228.32;540.46
Feasible;0.19;2.00;1.00;26.88;107.53;26.88;2284.95;1069.89
Feasible;0.35;0.00;1.00;31.88;101.45;101.45;4347.83;898.55
Feasible;0.19;0.00;0.00;27.03;254.05;27.03;1216.22;1178.38
Feasible;0.57;2.00;0.00;34.97;340.91;174.83;2622.38;1386.36
Feasible;0.61;2.00;2.00;36.30;209.57;132.01;3960.40;1343.23
Feasible;0.24;0.00;0.00;24.79;103.31;82.64;3719.01;1099.17
Feasible;0.11;0.00;0.00;37.38;177.57;177.57;6308.41;2000.00
Feasible;0.18;0.00;0.00;112.36;280.90;280.90;5617.98;1483.15
Feasible;0.14;2.00;0.00;35.21;633.80;176.06;1408.45;1873.24
Feasible;1.05;0.00;0.00;42.74;223.17;109.21;1139.60;666.67
Feasible;1.05;2.00;0.00;42.74;223.17;109.21;1139.60;830.96
Feasible;0.40;0.00;1.00;25.00;187.50;125.00;2250.00;570.00
Feasible;0.16;0.00;1.00;31.85;191.08;31.85;0.00;726.11
Feasible;0.39;0.00;1.00;31.17;441.56;129.87;1558.44;644.16
Feasible;0.09;2.00;0.00;35.29;447.06;35.29;2352.94;1317.65
Feasible;1.22;2.00;0.00;29.41;196.08;142.97;8169.93;344.77
Feasible;0.27;2.00;0.00;30.19;377.36;245.28;0.00;818.87
Feasible;0.12;0.00;0.00;16.53;82.64;82.64;1239.67;1123.97
Feasible;0.05;0.00;0.00;160.00;200.00;200.00;0.00;2720.00
Feasible;0.50;0.00;0.00;4.00;40.00;40.00;2000.00;108.00
Feasible;0.08;0.00;0.00;25.00;150.00;37.50;4375.00;900.00
Feasible;0.09;2.00;0.00;32.61;152.17;152.17;5434.78;1130.43
Feasible;0.09;2.00;0.00;32.61;152.17;152.17;5434.78;1097.83
Feasible;0.40;0.00;0.00;45.00;262.50;90.00;0.00;1022.50
Feasible;0.35;0.00;0.00;40.00;268.57;0.00;0.00;882.86
Feasible;0.35;0.00;0.00;43.10;229.89;143.68;862.07;839.08
Feasible;0.85;2.00;0.00;10.59;61.18;47.06;0.00;621.18
Feasible;0.29;2.00;0.00;34.97;276.22;174.83;0.00;1342.66
Feasible;0.40;2.00;0.00;32.50;280.00;215.00;0.00;1097.50
Feasible;0.21;1.00;0.00;37.91;236.97;236.97;1279.62;786.73
Feasible;0.21;1.00;0.00;37.91;236.97;236.97;1279.62;957.35
Feasible;0.28;0.00;0.00;35.71;142.86;142.86;1428.57;464.29
Feasible;0.24;2.00;0.00;28.93;223.14;49.59;619.83;1185.95
Feasible;0.18;1.00;0.00;45.71;360.00;217.14;0.00;1411.43
Feasible;0.21;1.00;0.00;42.86;309.52;190.48;0.00;1123.81
Feasible;0.16;0.00;0.00;30.49;97.56;48.78;1829.27;3414.63
Feasible;0.16;0.00;0.00;30.49;97.56;48.78;1829.27;853.66
Feasible;0.20;0.00;0.00;39.41;123.15;49.26;1231.53;768.47
Feasible;0.19;1.00;0.00;59.46;113.51;48.65;0.00;2383.78
Feasible;0.35;1.00;0.00;45.85;243.55;85.96;2292.26;644.70
Feasible;0.35;0.00;0.00;45.85;243.55;42.98;2292.26;644.70
Feasible;0.29;0.00;1.00;27.97;174.83;0.00;0.00;1332.17
Feasible;0.19;0.00;1.00;43.01;268.82;0.00;0.00;1107.53
Feasible;0.21;0.00;1.00;32.71;186.92;0.00;2102.80;560.75
Feasible;0.19;1.00;0.00;31.58;200.00;0.00;1315.79;1194.74
Feasible;0.13;0.00;0.00;38.76;317.83;69.77;0.00;1457.36
Feasible;0.13;0.00;0.00;38.76;317.83;69.77;0.00;1271.32
Feasible;0.16;0.00;0.00;19.11;95.54;63.69;3184.71;1509.55
Feasible;0.16;0.00;0.00;19.11;95.54;63.69;1910.83;617.83
Feasible;0.16;0.00;0.00;31.85;95.54;63.69;3184.71;1847.13
Feasible;0.16;2.00;0.00;318.47;159.24;95.54;0.00;1082.80
Feasible;0.19;0.00;0.00;37.63;376.34;225.81;4032.26;897.85
Feasible;0.19;2.00;0.00;37.63;376.34;225.81;4032.26;849.46
Feasible;0.21;0.00;0.00;23.36;116.82;4.67;467.29;1242.99
Feasible;0.21;0.00;0.00;23.36;116.82;4.67;467.29;1383.18
Feasible;0.11;0.00;0.00;35.09;87.72;17.54;1052.63;1271.93
Feasible;0.11;0.00;0.00;17.54;87.72;43.86;1096.49;1649.12
Feasible;0.30;1.00;0.00;40.00;216.67;283.33;2333.33;1633.33
Feasible;0.30;2.00;0.00;40.00;233.33;266.67;0.00;1633.33
Feasible;0.20;0.00;0.00;30.00;75.00;0.00;0.00;755.00
Feasible;0.16;0.00;0.00;31.85;63.69;0.00;0.00;898.09
Feasible;0.19;0.00;0.00;36.27;77.72;25.91;0.00;1119.17
Feasible;0.19;2.00;0.00;67.01;36.08;0.00;0.00;1500.00
Feasible;0.19;2.00;0.00;46.88;145.83;296.88;0.00;1125.00
Feasible;0.19;0.00;0.00;46.88;145.83;296.88;0.00;937.50
Feasible;0.42;0.00;0.00;35.46;236.41;70.92;945.63;1430.26
Feasible;0.14;0.00;0.00;43.80;255.47;109.49;1277.37;1197.08
Feasible;0.41;0.00;0.00;36.23;241.55;96.62;2415.46;393.72
Feasible;0.13;2.00;0.00;31.25;312.50;0.00;0.00;1648.44
Feasible;0.27;0.00;0.00;44.12;625.00;128.68;3676.47;985.29
Feasible;0.27;0.00;0.00;44.12;661.76;91.91;3676.47;1128.68
Feasible;0.14;2.00;0.00;41.96;419.58;279.72;2097.90;1433.57
Feasible;0.14;2.00;0.00;41.96;419.58;279.72;2097.90;2083.92
Feasible;0.16;2.00;0.00;62.50;156.25;156.25;5312.50;1975.00
Feasible;0.10;2.00;0.00;50.51;252.53;101.01;0.00;2555.56
Feasible;0.24;2.00;0.00;28.93;206.61;115.70;3099.17;1140.50
Feasible;0.22;2.00;0.00;32.56;232.56;130.23;3488.37;1269.77
Feasible;0.08;0.00;0.00;25.64;102.56;0.00;1538.46;987.18
Feasible;0.03;0.00;0.00;71.43;285.71;0.00;2142.86;2750.00
Feasible;0.03;0.00;0.00;71.43;214.29;0.00;8928.57;2500.00
Feasible;0.03;0.00;0.00;35.71;357.14;0.00;0.00;1107.14
Feasible;0.13;1.00;0.00;54.26;581.40;116.28;4651.16;984.50
Feasible;0.13;1.00;0.00;54.26;581.40;116.28;0.00;1286.82
Feasible;0.36;0.00;0.00;44.82;112.04;112.04;0.00;1347.34
Feasible;0.14;0.00;0.00;21.13;7.04;0.00;0.00;1345.07
Feasible;0.51;0.00;0.00;58.71;195.69;97.85;1369.86;771.04
Feasible;0.19;0.00;0.00;54.05;91.89;16.22;7567.57;832.43
Feasible;0.37;2.00;0.00;53.76;166.67;166.67;833.33;629.03
Feasible;0.84;1.00;0.00;43.84;165.88;165.88;592.42;1109.00
Feasible;0.10;0.00;0.00;30.00;200.00;80.00;1500.00;800.00
Feasible;0.06;2.00;0.00;35.09;350.88;87.72;0.00;1210.53
Feasible;0.09;0.00;0.00;43.01;322.58;96.77;0.00;741.94
Feasible;0.09;0.00;0.00;65.22;347.83;65.22;4891.30;1130.43
Feasible;0.11;0.00;0.00;46.73;289.72;196.26;7476.64;1205.61
Feasible;0.21;2.00;0.00;46.95;333.33;192.49;7511.74;1079.81
Feasible;0.08;0.00;0.00;47.62;238.10;95.24;1785.71;1500.00
Feasible;0.06;0.00;0.00;36.36;181.82;90.91;2727.27;2181.82
Feasible;0.12;0.00;0.00;40.32;120.97;161.29;4838.71;854.84
Feasible;0.12;2.00;0.00;16.53;206.61;99.17;826.45;727.27
Feasible;0.22;2.00;0.00;45.05;333.33;157.66;2027.03;1540.54
Feasible;0.22;1.00;0.00;45.05;274.77;139.64;0.00;1049.55
Feasible;0.07;0.00;1.00;42.25;211.27;140.85;2112.68;971.83
Feasible;0.07;2.00;1.00;42.25;211.27;140.85;2112.68;1225.35
Feasible;0.14;0.00;1.00;41.96;349.65;349.65;4195.80;916.08
Feasible;0.06;2.00;0.00;52.63;438.60;87.72;3508.77;1824.56
Feasible;0.36;2.00;0.00;39.11;279.33;418.99;2094.97;790.50
Feasible;0.36;2.00;0.00;39.11;279.33;418.99;2094.97;748.60
Feasible;0.19;0.00;0.00;54.05;432.43;270.27;4324.32;875.68
Feasible;0.11;0.00;0.00;52.63;701.75;263.16;6140.35;1587.72
Feasible;0.21;1.00;0.00;56.07;233.64;116.82;3130.84;528.04
Feasible;0.09;2.00;0.00;35.29;188.24;47.06;1764.71;2388.24
Feasible;0.21;2.00;2.00;42.45;514.15;188.68;2358.49;1146.23
Feasible;0.21;0.00;2.00;42.45;471.70;188.68;2358.49;1141.51
Feasible;0.18;0.00;0.00;44.94;168.54;84.27;2528.09;1078.65
Feasible;0.09;0.00;0.00;21.51;53.76;107.53;1612.90;1290.32
Feasible;0.19;0.00;0.00;64.17;160.43;80.21;4545.45;764.71
Feasible;0.07;2.00;0.00;27.03;175.68;108.11;2027.03;1189.19
Feasible;0.19;2.00;0.00;41.24;242.27;360.82;3865.98;1324.74
Feasible;0.32;1.00;0.00;41.27;361.90;212.70;952.38;1222.22
Feasible;0.70;0.00;1.00;28.57;142.86;71.43;571.43;870.00
Feasible;0.14;0.00;1.00;34.97;139.86;69.93;2097.90;713.29
Feasible;0.70;0.00;1.00;28.57;142.86;71.43;857.14;342.86
Feasible;0.17;0.00;1.00;29.24;216.37;58.48;5263.16;1011.70
Feasible;0.52;2.00;2.00;24.95;201.54;115.16;4414.59;598.85
Feasible;0.06;2.00;0.00;35.09;263.16;175.44;5263.16;1017.54
Feasible;0.59;0.00;0.00;38.92;253.81;84.60;1150.59;903.55
Feasible;0.20;0.00;0.00;49.02;490.20;73.53;0.00;1132.35
Feasible;0.60;0.00;0.00;33.56;335.57;83.89;3523.49;525.17
Feasible;0.32;2.00;1.00;37.85;315.46;236.59;946.37;1255.52
Feasible;0.47;2.00;0.00;33.90;470.34;207.63;3442.80;1084.75
Feasible;0.44;2.00;0.00;50.57;682.76;282.76;5459.77;1475.86
Feasible;0.05;0.00;0.00;55.56;277.78;92.59;0.00;1370.37
Feasible;0.05;0.00;0.00;55.56;277.78;92.59;0.00;1370.37
Feasible;0.06;0.00;0.00;66.67;266.67;33.33;0.00;1266.67
Feasible;0.06;0.00;0.00;66.67;300.00;33.33;0.00;2683.33
Feasible;0.03;0.00;0.00;68.97;517.24;172.41;0.00;1689.66
Feasible;0.07;0.00;0.00;28.99;217.39;72.46;0.00;855.07
Feasible;0.36;0.00;1.00;44.82;168.07;56.02;0.00;1019.61
Feasible;0.36;0.00;1.00;44.82;168.07;56.02;0.00;1047.62
Feasible;0.47;0.00;1.00;29.79;244.68;74.47;0.00;851.06
Feasible;0.47;0.00;1.00;53.19;159.57;53.19;0.00;1297.87
Feasible;0.34;2.00;2.00;41.30;224.19;97.35;0.00;1159.29
Feasible;0.34;2.00;2.00;20.65;224.19;97.35;0.00;1203.54
Feasible;1.63;0.00;2.00;43.00;153.56;30.71;614.25;1197.79
Feasible;1.06;0.00;2.00;37.84;236.52;47.30;946.07;1267.74
Feasible;1.40;0.00;2.00;33.57;196.43;89.29;0.00;728.57
Feasible;1.00;0.00;1.00;40.00;250.00;70.00;0.00;1120.00
Feasible;0.98;1.00;2.00;38.78;193.88;112.24;3061.22;1391.84
Feasible;0.55;1.00;2.00;40.00;192.73;116.36;2727.27;827.27
Feasible;0.11;0.00;0.00;37.38;140.19;46.73;0.00;1074.77
Feasible;0.11;0.00;0.00;37.38;140.19;46.73;0.00;1299.07
Feasible;0.10;0.00;0.00;48.08;192.31;48.08;0.00;432.69
Feasible;0.10;0.00;0.00;48.08;96.15;48.08;0.00;1701.92
Feasible;0.10;0.00;0.00;76.92;480.77;192.31;4807.69;1057.69
Feasible;0.18;0.00;0.00;45.71;285.71;57.14;2857.14;628.57
Feasible;0.14;0.00;0.00;59.26;148.15;74.07;0.00;1333.33
Feasible;0.14;0.00;0.00;59.26;148.15;74.07;0.00;800.00
Feasible;0.20;0.00;0.00;45.00;45.00;45.00;0.00;485.00
Feasible;0.20;0.00;0.00;20.00;65.00;25.00;0.00;690.00
Feasible;0.14;0.00;0.00;97.90;209.79;69.93;0.00;1510.49
Feasible;0.14;0.00;0.00;97.90;209.79;69.93;0.00;1510.49
Feasible;0.29;0.00;0.00;17.48;87.41;87.41;0.00;713.29
Feasible;0.29;0.00;0.00;17.48;87.41;87.41;0.00;835.66
Feasible;0.29;0.00;0.00;27.97;3.50;0.00;0.00;646.85
Feasible;0.14;0.00;0.00;57.14;7.14;0.00;0.00;1850.00
Feasible;0.14;0.00;0.00;34.97;209.79;69.93;0.00;923.08
Feasible;0.14;0.00;0.00;34.97;209.79;69.93;0.00;881.12
Feasible;0.18;0.00;0.00;54.35;217.39;108.70;0.00;603.26
Feasible;0.18;0.00;0.00;54.35;217.39;54.35;0.00;603.26
Feasible;0.14;0.00;0.00;69.93;349.65;139.86;0.00;706.29
Feasible;0.21;0.00;0.00;46.73;233.64;140.19;0.00;1378.50
Feasible;0.67;0.00;0.00;47.98;449.78;149.93;0.00;1058.47
Feasible;0.67;0.00;0.00;47.98;449.78;149.93;0.00;1358.32
Feasible;0.20;0.00;0.00;50.00;50.00;50.00;0.00;1075.00
Feasible;0.20;0.00;0.00;50.00;75.00;50.00;0.00;1100.00
Feasible;0.19;0.00;0.00;26.88;80.65;80.65;1344.09;650.54
Feasible;0.20;0.00;0.00;75.00;50.00;50.00;0.00;925.00
Feasible;0.24;0.00;0.00;49.38;160.49;107.00;0.00;1592.59
Feasible;0.24;0.00;0.00;49.38;160.49;107.00;0.00;1716.05
Feasible;0.96;0.00;0.00;41.80;104.49;52.25;0.00;1926.85
Feasible;0.74;0.00;0.00;107.82;134.77;67.39;0.00;1831.54
Feasible;1.22;0.00;0.00;46.09;115.23;49.38;0.00;558.02
Feasible;0.71;0.00;0.00;42.02;105.04;105.04;0.00;931.37
Feasible;0.22;0.00;0.00;37.21;162.79;69.77;0.00;1000.00
Feasible;0.43;0.00;0.00;46.62;174.83;81.59;0.00;927.74
Feasible;0.24;0.00;1.00;63.83;212.77;212.77;0.00;2063.83
Feasible;0.24;0.00;1.00;63.83;212.77;212.77;0.00;2000.00
Feasible;0.31;0.00;1.00;63.90;159.74;79.87;0.00;738.02
Feasible;0.32;0.00;0.00;31.75;158.73;79.37;396.83;857.14
Feasible;0.36;0.00;0.00;67.04;312.85;106.15;0.00;1670.39
Feasible;0.64;0.00;2.00;63.66;313.66;105.59;0.00;1582.30
Feasible;0.30;0.00;0.00;49.50;3.30;0.00;0.00;2656.77
Feasible;0.30;0.00;0.00;49.50;3.30;0.00;0.00;2524.75
Feasible;0.51;0.00;0.00;29.59;15.78;0.00;0.00;378.70
Feasible;0.61;0.00;0.00;32.95;4.94;3.29;0.00;1161.45
Feasible;0.73;0.00;0.00;56.55;200.00;92.41;0.00;979.31
Feasible;0.57;0.00;0.00;71.43;181.18;92.33;0.00;984.32
Feasible;0.14;0.00;0.00;34.97;6.99;0.00;0.00;1146.85
Feasible;0.14;0.00;0.00;34.97;6.99;0.00;0.00;1251.75
Feasible;0.14;0.00;0.00;42.25;7.04;0.00;0.00;690.14
Feasible;0.14;0.00;0.00;70.92;7.09;0.00;0.00;964.54
Feasible;0.22;0.00;0.00;74.42;232.56;93.02;0.00;1362.79
Feasible;0.22;0.00;0.00;74.42;232.56;93.02;0.00;1688.37
Feasible;0.29;0.00;1.00;34.97;139.86;69.93;0.00;699.30
Feasible;0.29;0.00;1.00;34.97;139.86;69.93;0.00;699.30
Feasible;0.29;0.00;1.00;69.93;262.24;87.41;0.00;559.44
Feasible;0.59;0.00;0.00;27.30;85.32;34.13;0.00;725.26
Feasible;0.36;0.00;2.00;44.82;112.04;56.02;0.00;1291.32
Feasible;0.36;0.00;2.00;44.82;112.04;56.02;0.00;1291.32
Feasible;0.07;0.00;2.00;84.51;281.69;281.69;0.00;1042.25
Feasible;0.07;0.00;2.00;84.51;281.69;281.69;0.00;1408.45
Feasible;0.07;0.00;2.00;56.34;253.52;253.52;2253.52;845.07
Feasible;0.08;0.00;0.00;38.96;64.94;38.96;0.00;935.06
Feasible;0.07;0.00;0.00;41.67;208.33;138.89;0.00;2013.89
Feasible;0.07;0.00;0.00;41.67;208.33;138.89;0.00;1875.00
Feasible;0.57;0.00;1.00;28.02;262.70;87.57;0.00;1208.41
Feasible;0.14;0.00;1.00;27.97;279.72;69.93;0.00;517.48
Feasible;0.37;0.00;1.00;68.31;409.84;136.61;2459.02;680.33
Feasible;0.37;0.00;2.00;314.21;273.22;136.61;0.00;1297.81
Feasible;0.34;0.00;2.00;40.82;349.85;116.62;0.00;991.25
Feasible;0.34;0.00;2.00;40.82;349.85;116.62;0.00;1020.41
Feasible;0.21;0.00;0.00;28.04;280.37;140.19;0.00;677.57
Feasible;0.21;0.00;0.00;37.38;280.37;140.19;0.00;794.39
Feasible;0.27;0.00;0.00;29.52;221.40;110.70;0.00;1291.51
Feasible;0.27;0.00;2.00;36.90;221.40;147.60;0.00;1247.23
Feasible;0.30;0.00;2.00;33.33;333.33;166.67;0.00;893.33
Feasible;0.30;0.00;2.00;33.33;333.33;166.67;0.00;1240.00
Feasible;0.14;0.00;0.00;34.97;279.72;69.93;0.00;1216.78
Feasible;0.14;0.00;0.00;34.97;279.72;69.93;0.00;867.13
Feasible;0.15;0.00;0.00;47.30;263.51;47.30;0.00;1006.76
Feasible;0.14;0.00;0.00;49.30;176.06;105.63;0.00;422.54
Feasible;0.08;0.00;0.00;129.87;259.74;64.94;0.00;1000.00
Feasible;0.08;0.00;0.00;129.87;259.74;64.94;0.00;1000.00
Feasible;0.29;0.00;0.00;34.97;262.24;87.41;0.00;1066.43
Feasible;0.29;0.00;0.00;34.97;262.24;87.41;0.00;1066.43
Feasible;0.43;0.00;0.00;41.96;174.83;58.28;0.00;589.74
Feasible;0.29;0.00;0.00;34.97;209.79;69.93;0.00;776.22
Feasible;0.49;0.00;0.00;57.61;133.74;82.30;30864.20;862.14
Feasible;0.49;0.00;0.00;57.61;236.63;123.46;0.00;855.97
Feasible;0.43;0.00;1.00;37.30;233.10;116.55;0.00;582.75
Feasible;0.43;0.00;1.00;37.30;233.10;116.55;0.00;652.68
Feasible;0.29;0.00;1.00;52.45;262.24;87.41;0.00;646.85
Feasible;0.25;0.00;2.00;40.00;300.00;100.00;1000.00;584.00
Feasible;0.18;2.00;0.00;50.28;279.33;139.66;2793.30;1558.66
Feasible;0.29;0.00;0.00;41.96;174.83;69.93;0.00;1118.88
Feasible;0.29;0.00;0.00;52.45;174.83;69.93;0.00;1643.36
Feasible;0.36;0.00;0.00;42.02;280.11;70.03;0.00;980.39
Feasible;0.29;0.00;0.00;34.97;349.65;69.93;0.00;996.50
Feasible;0.16;0.00;2.00;50.96;286.62;95.54;42038.22;1140.13
Feasible;0.16;0.00;2.00;50.96;382.17;127.39;0.00;1121.02
Feasible;0.57;0.00;2.00;35.03;210.16;52.54;0.00;1197.90
Feasible;0.57;0.00;2.00;35.03;210.16;52.54;0.00;1197.90
Feasible;0.66;0.00;2.00;30.40;341.95;113.98;0.00;510.64
Feasible;0.50;0.00;0.00;50.00;500.00;100.00;0.00;1510.00
Feasible;0.47;2.00;0.00;63.56;286.02;84.75;43697.03;1457.63
Feasible;0.47;2.00;0.00;63.56;296.61;95.34;0.00;1281.78
Feasible;0.85;0.00;0.00;46.95;293.43;117.37;1408.45;1960.09
Feasible;0.85;0.00;0.00;52.82;293.43;176.06;117.37;1872.07
Feasible;1.03;0.00;0.00;48.78;292.68;48.78;975.61;1018.54
Feasible;1.03;0.00;0.00;39.02;292.68;97.56;0.00;1282.93
Feasible;1.09;0.00;2.00;36.63;343.41;114.47;41025.64;1007.33
Feasible;1.09;2.00;2.00;36.60;343.09;114.36;0.00;1189.39
Feasible;1.90;0.00;2.00;34.21;210.53;65.79;631.58;1418.42
Feasible;1.90;0.00;2.00;33.68;184.21;52.63;631.58;1328.95
Feasible;1.82;0.00;2.00;33.04;165.20;55.07;0.00;510.46
Feasible;1.82;0.00;1.00;33.04;247.80;82.60;0.00;768.17
Feasible;1.95;2.00;0.00;28.28;205.66;102.83;32185.09;708.48
Feasible;1.95;2.00;0.00;28.28;205.66;102.83;0.00;965.55
Feasible;0.29;0.00;2.00;52.45;262.24;87.41;0.00;751.75
Feasible;0.29;0.00;2.00;52.45;262.24;87.41;0.00;699.30
Feasible;0.34;0.00;2.00;41.06;322.58;161.29;0.00;1401.76
Feasible;0.34;0.00;2.00;43.99;293.26;146.63;0.00;1011.73
Feasible;0.49;0.00;0.00;67.90;308.64;102.88;19681.07;965.02
Feasible;0.49;0.00;0.00;67.90;308.64;102.88;1080.25;965.02
Feasible;0.86;0.00;1.00;29.17;233.37;58.34;0.00;1336.06
Feasible;0.86;0.00;1.00;29.17;233.37;58.34;0.00;1511.09
Feasible;0.86;0.00;1.00;29.14;116.55;58.28;0.00;745.92
Feasible;1.07;0.00;2.00;32.68;233.43;116.71;0.00;1587.30
Feasible;0.86;0.00;2.00;29.14;233.10;116.55;27972.03;1516.32
Feasible;0.86;0.00;2.00;29.14;233.10;116.55;0.00;1516.32
Feasible;0.07;0.00;0.00;42.25;352.11;140.85;0.00;1056.34
Feasible;0.07;0.00;0.00;42.25;352.11;140.85;0.00;1056.34
Feasible;0.07;0.00;0.00;42.25;225.35;56.34;0.00;957.75
Feasible;0.07;0.00;0.00;28.17;281.69;140.85;0.00;718.31
Feasible;0.18;0.00;0.00;54.95;192.31;109.89;0.00;967.03
Feasible;0.33;0.00;0.00;55.38;184.62;123.08;0.00;1061.54
Feasible;0.50;1.00;1.00;30.00;300.00;100.00;0.00;666.00
Feasible;0.50;0.00;1.00;30.00;300.00;100.00;0.00;416.00
Feasible;0.57;0.00;1.00;43.78;437.83;87.57;5078.81;1343.26
Feasible;0.79;0.00;1.00;31.81;190.84;127.23;1526.72;1193.38
Feasible;0.80;0.00;2.00;29.96;624.22;249.69;3745.32;892.63
Feasible;0.80;0.00;2.00;29.96;624.22;249.69;0.00;892.63
Feasible;0.71;0.00;2.00;35.01;210.08;70.03;0.00;763.31
Feasible;0.71;0.00;2.00;35.01;210.08;70.03;0.00;728.29
Feasible;0.72;0.00;2.00;48.95;174.83;34.97;0.00;843.36
Feasible;0.72;0.00;2.00;44.76;139.86;69.93;0.00;916.08
Feasible;0.43;0.00;2.00;46.62;233.10;233.10;0.00;1013.99
Feasible;0.25;0.00;2.00;80.32;401.61;401.61;0.00;1746.99
Feasible;0.43;0.00;1.00;32.71;292.06;175.23;0.00;1355.14
Feasible;0.43;0.00;1.00;37.38;186.92;175.23;0.00;1507.01
Feasible;0.40;0.00;1.00;42.50;375.00;187.50;0.00;1260.00
Feasible;0.43;0.00;2.00;46.73;280.37;93.46;0.00;1133.18
Feasible;0.30;0.00;2.00;43.33;266.67;150.00;0.00;840.00
Feasible;0.30;0.00;2.00;43.33;266.67;150.00;0.00;886.67
Feasible;0.33;0.00;2.00;36.59;457.32;152.44;0.00;2408.54
Feasible;0.07;0.00;2.00;70.42;352.11;112.68;0.00;2112.68
Feasible;0.54;0.00;2.00;37.04;231.48;46.30;0.00;1109.26
Feasible;0.33;0.00;0.00;15.15;227.27;75.76;0.00;1221.21
Feasible;0.35;0.00;2.00;51.43;214.29;71.43;0.00;948.57
Feasible;0.35;0.00;2.00;57.14;214.29;71.43;0.00;914.29
Feasible;0.18;0.00;2.00;28.09;196.63;84.27;0.00;1264.04
Feasible;0.18;0.00;2.00;33.71;196.63;84.27;0.00;1179.78
Feasible;0.25;0.00;2.00;32.00;200.00;100.00;0.00;660.00
Feasible;0.24;0.00;0.00;24.59;4.10;0.00;0.00;590.16
Feasible;0.11;0.00;2.00;65.42;373.83;93.46;0.00;663.55
Feasible;0.11;0.00;2.00;46.73;373.83;93.46;0.00;850.47
Feasible;0.50;0.00;2.00;40.00;400.00;100.00;2000.00;840.00
Feasible;0.25;0.00;2.00;80.00;400.00;200.00;2000.00;980.00
Feasible;0.71;0.00;2.00;32.21;210.08;49.02;2100.84;473.39
Feasible;0.50;0.00;0.00;50.00;50.00;20.00;120.00;784.00
Feasible;0.66;1.00;0.00;27.36;303.95;303.95;0.00;1387.54
Feasible;0.34;2.00;0.00;29.76;297.62;297.62;1845.24;1056.55
Feasible;0.10;0.00;0.00;50.00;200.00;100.00;0.00;1150.00
Feasible;0.10;0.00;0.00;100.00;120.00;30.00;0.00;1380.00
Feasible;0.10;0.00;0.00;40.00;180.00;70.00;0.00;1280.00
Feasible;0.40;0.00;0.00;32.50;207.50;92.50;0.00;1825.00
Feasible;0.16;0.00;0.00;31.85;171.97;82.80;0.00;1910.83
Feasible;0.05;0.00;1.00;80.00;300.00;100.00;0.00;1700.00
Feasible;0.03;0.00;1.00;68.97;172.41;68.97;0.00;1862.07
Feasible;0.05;0.00;1.00;40.00;240.00;60.00;0.00;1000.00
Feasible;0.05;0.00;0.00;40.00;200.00;100.00;0.00;740.00
Feasible;0.10;0.00;0.00;40.00;550.00;200.00;0.00;1890.00
Feasible;0.10;0.00;0.00;40.00;350.00;200.00;0.00;1850.00
Feasible;0.21;0.00;1.00;23.36;233.64;116.82;0.00;1238.32
Feasible;0.14;0.00;1.00;56.34;176.06;105.63;0.00;1478.87
Feasible;0.17;0.00;1.00;57.47;287.36;143.68;0.00;1597.70
Feasible;0.14;0.00;0.00;27.97;244.76;69.93;0.00;1300.70
Feasible;0.22;1.00;0.00;37.21;348.84;176.74;0.00;1255.81
Feasible;0.24;0.00;0.00;20.58;205.76;102.88;0.00;983.54
Feasible;0.20;0.00;1.00;35.00;350.00;150.00;0.00;1175.00
Feasible;0.20;0.00;1.00;35.00;350.00;150.00;0.00;1100.00
Feasible;0.29;0.00;1.00;27.97;297.20;69.93;1048.95;842.66
Feasible;0.29;0.00;2.00;27.97;244.76;87.41;0.00;846.15
Feasible;0.79;1.00;2.00;27.99;201.02;114.50;0.00;1197.20
Feasible;0.50;0.00;2.00;27.94;185.63;26.67;0.00;1409.18
